<?xml version="1.0" encoding="UTF-8"?>
<config xmlns="http://www.knime.org/2008/09/XMLConfig" xmlns:xsi="http://www.w3.org/2001/XMLSchema-instance" xsi:schemaLocation="http://www.knime.org/2008/09/XMLConfig http://www.knime.org/XMLConfig_2008_09.xsd" key="model.xml">
    <entry key="version" type="xint" value="1"/>
    <entry key="class_name" type="xstring" value="org.knime.ext.dl4j.base.DLModelPortObjectSpec"/>
    <config key="model">
        <config key="NeuralNetType">
            <entry key="array-size" type="xint" value="1"/>
            <entry key="0" type="xstring" value="EMPTY"/>
        </config>
        <config key="LayerTypeList">
            <entry key="array-size" type="xint" value="1"/>
            <entry key="0" type="xstring" value="OUTPUT_LAYER"/>
        </config>
        <entry key="IsTrained" type="xboolean" value="true"/>
        <config key="FeatureColumsTypes">
            <entry key="array-size" type="xint" value="1"/>
            <entry key="0" type="xstring" value="List"/>
        </config>
        <config key="FeatureColumsNames">
            <entry key="array-size" type="xint" value="1"/>
            <entry key="0" type="xstring" value="AggregatedValues"/>
        </config>
        <config key="Labels">
            <entry key="array-size" type="xint" value="4"/>
            <entry key="0" type="xstring" value="1"/>
            <entry key="1" type="xstring" value="0"/>
            <entry key="2" type="xstring" value="-1"/>
            <entry key="3" type="xstring" value="2"/>
        </config>
        <config key="TargetColumNames">
            <entry key="array-size" type="xint" value="1"/>
            <entry key="0" type="xstring" value="Category"/>
        </config>
        <entry key="LearnerType" type="xstring" value="feedforward_classification"/>
        <entry key="ModelType" type="xstring" value="MLN"/>
    </config>
</config>
