<?xml version="1.0" encoding="UTF-8"?>
<config xmlns="http://www.knime.org/2008/09/XMLConfig" xmlns:xsi="http://www.w3.org/2001/XMLSchema-instance" xsi:schemaLocation="http://www.knime.org/2008/09/XMLConfig http://www.knime.org/XMLConfig_2008_09.xsd" key="model.xml">
    <entry key="version" type="xint" value="1"/>
    <entry key="class_name" type="xstring" value="org.knime.ext.textprocessing.data.DocumentVectorPortObjectSpec"/>
    <config key="model">
        <entry key="ignoreTags" type="xboolean" value="true"/>
        <entry key="bitVector" type="xboolean" value="false"/>
        <entry key="vectorValue" type="xstring" value="TF_IDF"/>
        <entry key="asCollectionCell" type="xboolean" value="false"/>
        <config key="featureSpaceColumns">
            <entry key="array-size" type="xint" value="905"/>
            <entry key="0" type="xstring" value="abbott"/>
            <entry key="1" type="xstring" value="cut"/>
            <entry key="2" type="xstring" value="fund"/>
            <entry key="3" type="xstring" value="school"/>
            <entry key="4" type="xstring" value="australia"/>
            <entry key="5" type="xstring" value="mean"/>
            <entry key="6" type="xstring" value="bigger"/>
            <entry key="7" type="xstring" value="class"/>
            <entry key="8" type="xstring" value="teacher"/>
            <entry key="9" type="xstring" value="support"/>
            <entry key="10" type="xstring" value="staff"/>
            <entry key="11" type="xstring" value="program"/>
            <entry key="12" type="xstring" value="suffer"/>
            <entry key="13" type="xstring" value="littl"/>
            <entry key="14" type="xstring" value="bit"/>
            <entry key="15" type="xstring" value="amnesia"/>
            <entry key="16" type="xstring" value="rudd"/>
            <entry key="17" type="xstring" value="saidwhen"/>
            <entry key="18" type="xstring" value="health"/>
            <entry key="19" type="xstring" value="minist"/>
            <entry key="20" type="xstring" value="public"/>
            <entry key="21" type="xstring" value="hospit"/>
            <entry key="22" type="xstring" value="budget"/>
            <entry key="23" type="xstring" value="accord"/>
            <entry key="24" type="xstring" value="wikipedia"/>
            <entry key="25" type="xstring" value="countri"/>
            <entry key="26" type="xstring" value="entir"/>
            <entry key="27" type="xstring" value="planet"/>
            <entry key="28" type="xstring" value="unequ"/>
            <entry key="29" type="xstring" value="unite"/>
            <entry key="30" type="xstring" value="distribut"/>
            <entry key="31" type="xstring" value="wealth"/>
            <entry key="32" type="xstring" value="american"/>
            <entry key="33" type="xstring" value="die"/>
            <entry key="34" type="xstring" value="dont"/>
            <entry key="35" type="xstring" value="insur"/>
            <entry key="36" type="xstring" value="receiv"/>
            <entry key="37" type="xstring" value="food"/>
            <entry key="38" type="xstring" value="aid"/>
            <entry key="39" type="xstring" value="privat"/>
            <entry key="40" type="xstring" value="sector"/>
            <entry key="41" type="xstring" value="anthoni"/>
            <entry key="42" type="xstring" value="albanes"/>
            <entry key="43" type="xstring" value="govern"/>
            <entry key="44" type="xstring" value="terror"/>
            <entry key="45" type="xstring" value="law"/>
            <entry key="46" type="xstring" value="media"/>
            <entry key="47" type="xstring" value="potenti"/>
            <entry key="48" type="xstring" value="penalti"/>
            <entry key="49" type="xstring" value="jail"/>
            <entry key="50" type="xstring" value="expos"/>
            <entry key="51" type="xstring" value="error"/>
            <entry key="52" type="xstring" value="secur"/>
            <entry key="53" type="xstring" value="agenc"/>
            <entry key="54" type="xstring" value="rule"/>
            <entry key="55" type="xstring" value="mp"/>
            <entry key="56" type="xstring" value="entitl"/>
            <entry key="57" type="xstring" value="pretti"/>
            <entry key="58" type="xstring" value="world"/>
            <entry key="59" type="xstring" value="top"/>
            <entry key="60" type="xstring" value="airlin"/>
            <entry key="61" type="xstring" value="major"/>
            <entry key="62" type="xstring" value="governmentown"/>
            <entry key="63" type="xstring" value="assembl"/>
            <entry key="64" type="xstring" value="democrat"/>
            <entry key="65" type="xstring" value="rais"/>
            <entry key="66" type="xstring" value="gas"/>
            <entry key="67" type="xstring" value="tax"/>
            <entry key="68" type="xstring" value="ground"/>
            <entry key="69" type="xstring" value="sweat"/>
            <entry key="70" type="xstring" value="twitch"/>
            <entry key="71" type="xstring" value="ugli"/>
            <entry key="72" type="xstring" value="caus"/>
            <entry key="73" type="xstring" value="say"/>
            <entry key="74" type="xstring" value="attack"/>
            <entry key="75" type="xstring" value="plan"/>
            <entry key="76" type="xstring" value="parenthood"/>
            <entry key="77" type="xstring" value="time"/>
            <entry key="78" type="xstring" value="poverti"/>
            <entry key="79" type="xstring" value="rate"/>
            <entry key="80" type="xstring" value="women"/>
            <entry key="81" type="xstring" value="decad"/>
            <entry key="82" type="xstring" value="access"/>
            <entry key="83" type="xstring" value="care"/>
            <entry key="84" type="xstring" value="austin"/>
            <entry key="85" type="xstring" value="chapter"/>
            <entry key="86" type="xstring" value="leagu"/>
            <entry key="87" type="xstring" value="voter"/>
            <entry key="88" type="xstring" value="republican"/>
            <entry key="89" type="xstring" value="elect"/>
            <entry key="90" type="xstring" value="offic"/>
            <entry key="91" type="xstring" value="debat"/>
            <entry key="92" type="xstring" value="committe"/>
            <entry key="93" type="xstring" value="mayor"/>
            <entry key="94" type="xstring" value="candid"/>
            <entry key="95" type="xstring" value="mike"/>
            <entry key="96" type="xstring" value="martinez"/>
            <entry key="97" type="xstring" value="take"/>
            <entry key="98" type="xstring" value="corpor"/>
            <entry key="99" type="xstring" value="money"/>
            <entry key="100" type="xstring" value="aaa"/>
            <entry key="101" type="xstring" value="stabl"/>
            <entry key="102" type="xstring" value="outlook"/>
            <entry key="103" type="xstring" value="credit"/>
            <entry key="104" type="xstring" value="agenciesthes"/>
            <entry key="105" type="xstring" value="real"/>
            <entry key="106" type="xstring" value="amount"/>
            <entry key="107" type="xstring" value="negat"/>
            <entry key="108" type="xstring" value="polit"/>
            <entry key="109" type="xstring" value="spin"/>
            <entry key="110" type="xstring" value="chang"/>
            <entry key="111" type="xstring" value="mum"/>
            <entry key="112" type="xstring" value="dad"/>
            <entry key="113" type="xstring" value="investor"/>
            <entry key="114" type="xstring" value="selffund"/>
            <entry key="115" type="xstring" value="retire"/>
            <entry key="116" type="xstring" value="face"/>
            <entry key="117" type="xstring" value="slug"/>
            <entry key="118" type="xstring" value="pay"/>
            <entry key="119" type="xstring" value="expens"/>
            <entry key="120" type="xstring" value="unafford"/>
            <entry key="121" type="xstring" value="unfair"/>
            <entry key="122" type="xstring" value="paid"/>
            <entry key="123" type="xstring" value="parent"/>
            <entry key="124" type="xstring" value="leav"/>
            <entry key="125" type="xstring" value="scheme"/>
            <entry key="126" type="xstring" value="barack"/>
            <entry key="127" type="xstring" value="obama"/>
            <entry key="128" type="xstring" value="hillari"/>
            <entry key="129" type="xstring" value="clinton"/>
            <entry key="130" type="xstring" value="negoti"/>
            <entry key="131" type="xstring" value="nation"/>
            <entry key="132" type="xstring" value="do"/>
            <entry key="133" type="xstring" value="treati"/>
            <entry key="134" type="xstring" value="ban"/>
            <entry key="135" type="xstring" value="firearm"/>
            <entry key="136" type="xstring" value="pass"/>
            <entry key="137" type="xstring" value="move"/>
            <entry key="138" type="xstring" value="peopl"/>
            <entry key="139" type="xstring" value="welfar"/>
            <entry key="140" type="xstring" value="sold"/>
            <entry key="141" type="xstring" value="chrysler"/>
            <entry key="142" type="xstring" value="italian"/>
            <entry key="143" type="xstring" value="build"/>
            <entry key="144" type="xstring" value="jeep"/>
            <entry key="145" type="xstring" value="china"/>
            <entry key="146" type="xstring" value="cost"/>
            <entry key="147" type="xstring" value="job"/>
            <entry key="148" type="xstring" value="barbara"/>
            <entry key="149" type="xstring" value="buono"/>
            <entry key="150" type="xstring" value="vote"/>
            <entry key="151" type="xstring" value="own"/>
            <entry key="152" type="xstring" value="percent"/>
            <entry key="153" type="xstring" value="barri"/>
            <entry key="154" type="xstring" value="ofarrel"/>
            <entry key="155" type="xstring" value="nsw"/>
            <entry key="156" type="xstring" value="collect"/>
            <entry key="157" type="xstring" value="proceed"/>
            <entry key="158" type="xstring" value="crime"/>
            <entry key="159" type="xstring" value="feder"/>
            <entry key="160" type="xstring" value="combin"/>
            <entry key="161" type="xstring" value="begin"/>
            <entry key="162" type="xstring" value="weve"/>
            <entry key="163" type="xstring" value="creat"/>
            <entry key="164" type="xstring" value="net"/>
            <entry key="165" type="xstring" value="increas"/>
            <entry key="166" type="xstring" value="bill"/>
            <entry key="167" type="xstring" value="shorten"/>
            <entry key="168" type="xstring" value="toni"/>
            <entry key="169" type="xstring" value="christoph"/>
            <entry key="170" type="xstring" value="pyne"/>
            <entry key="171" type="xstring" value="blame"/>
            <entry key="172" type="xstring" value="barnett"/>
            <entry key="173" type="xstring" value="educ"/>
            <entry key="174" type="xstring" value="cull"/>
            <entry key="175" type="xstring" value="birth"/>
            <entry key="176" type="xstring" value="control"/>
            <entry key="177" type="xstring" value="pioneer"/>
            <entry key="178" type="xstring" value="margaret"/>
            <entry key="179" type="xstring" value="sanger"/>
            <entry key="180" type="xstring" value="wasan"/>
            <entry key="181" type="xstring" value="activ"/>
            <entry key="182" type="xstring" value="particip"/>
            <entry key="183" type="xstring" value="ku"/>
            <entry key="184" type="xstring" value="klux"/>
            <entry key="185" type="xstring" value="klan"/>
            <entry key="186" type="xstring" value="grown"/>
            <entry key="187" type="xstring" value="gov"/>
            <entry key="188" type="xstring" value="scott"/>
            <entry key="189" type="xstring" value="walker"/>
            <entry key="190" type="xstring" value="action"/>
            <entry key="191" type="xstring" value="1750km"/>
            <entry key="192" type="xstring" value="speed"/>
            <entry key="193" type="xstring" value="rail"/>
            <entry key="194" type="xstring" value="project"/>
            <entry key="195" type="xstring" value="brisban"/>
            <entry key="196" type="xstring" value="melbourn"/>
            <entry key="197" type="xstring" value="period"/>
            <entry key="198" type="xstring" value="trade"/>
            <entry key="199" type="xstring" value="train"/>
            <entry key="200" type="xstring" value="centr"/>
            <entry key="201" type="xstring" value="built"/>
            <entry key="202" type="xstring" value="busi"/>
            <entry key="203" type="xstring" value="start"/>
            <entry key="204" type="xstring" value="drop"/>
            <entry key="205" type="xstring" value="presid"/>
            <entry key="206" type="xstring" value="term"/>
            <entry key="207" type="xstring" value="car"/>
            <entry key="208" type="xstring" value="fiorina"/>
            <entry key="209" type="xstring" value="shes"/>
            <entry key="210" type="xstring" value="assault"/>
            <entry key="211" type="xstring" value="weapon"/>
            <entry key="212" type="xstring" value="central"/>
            <entry key="213" type="xstring" value="fall"/>
            <entry key="214" type="xstring" value="chris"/>
            <entry key="215" type="xstring" value="bowen"/>
            <entry key="216" type="xstring" value="decis"/>
            <entry key="217" type="xstring" value="scrap"/>
            <entry key="218" type="xstring" value="cap"/>
            <entry key="219" type="xstring" value="selfeduc"/>
            <entry key="220" type="xstring" value="allow"/>
            <entry key="221" type="xstring" value="travel"/>
            <entry key="222" type="xstring" value="claim"/>
            <entry key="223" type="xstring" value="joe"/>
            <entry key="224" type="xstring" value="hockey"/>
            <entry key="225" type="xstring" value="doubl"/>
            <entry key="226" type="xstring" value="deficit"/>
            <entry key="227" type="xstring" value="spend"/>
            <entry key="228" type="xstring" value="assumpt"/>
            <entry key="229" type="xstring" value="independ"/>
            <entry key="230" type="xstring" value="improv"/>
            <entry key="231" type="xstring" value="student"/>
            <entry key="232" type="xstring" value="outcom"/>
            <entry key="233" type="xstring" value="western"/>
            <entry key="234" type="xstring" value="labor"/>
            <entry key="235" type="xstring" value="shrunk"/>
            <entry key="236" type="xstring" value="intern"/>
            <entry key="237" type="xstring" value="industri"/>
            <entry key="238" type="xstring" value="quarter"/>
            <entry key="239" type="xstring" value="vip"/>
            <entry key="240" type="xstring" value="boe"/>
            <entry key="241" type="xstring" value="jet"/>
            <entry key="242" type="xstring" value="flight"/>
            <entry key="243" type="xstring" value="perth"/>
            <entry key="244" type="xstring" value="canberra"/>
            <entry key="245" type="xstring" value="wa"/>
            <entry key="246" type="xstring" value="liber"/>
            <entry key="247" type="xstring" value="mps"/>
            <entry key="248" type="xstring" value="cheaper"/>
            <entry key="249" type="xstring" value="commerci"/>
            <entry key="250" type="xstring" value="citi"/>
            <entry key="251" type="xstring" value="houston"/>
            <entry key="252" type="xstring" value="debt"/>
            <entry key="253" type="xstring" value="capita"/>
            <entry key="254" type="xstring" value="california"/>
            <entry key="255" type="xstring" value="congression"/>
            <entry key="256" type="xstring" value="ethic"/>
            <entry key="257" type="xstring" value="investig"/>
            <entry key="258" type="xstring" value="conduct"/>
            <entry key="259" type="xstring" value="partisan"/>
            <entry key="260" type="xstring" value="relat"/>
            <entry key="261" type="xstring" value="parti"/>
            <entry key="262" type="xstring" value="corrupt"/>
            <entry key="263" type="xstring" value="boss"/>
            <entry key="264" type="xstring" value="launder"/>
            <entry key="265" type="xstring" value="fraud"/>
            <entry key="266" type="xstring" value="day"/>
            <entry key="267" type="xstring" value="gopal"/>
            <entry key="268" type="xstring" value="homeless"/>
            <entry key="269" type="xstring" value="veteran"/>
            <entry key="270" type="xstring" value="third"/>
            <entry key="271" type="xstring" value="includ"/>
            <entry key="272" type="xstring" value="properti"/>
            <entry key="273" type="xstring" value="reduct"/>
            <entry key="274" type="xstring" value="rank"/>
            <entry key="275" type="xstring" value="largest"/>
            <entry key="276" type="xstring" value="histori"/>
            <entry key="277" type="xstring" value="cuyahoga"/>
            <entry key="278" type="xstring" value="county56"/>
            <entry key="279" type="xstring" value="weekend"/>
            <entry key="280" type="xstring" value="african"/>
            <entry key="281" type="xstring" value="adult"/>
            <entry key="282" type="xstring" value="compris"/>
            <entry key="283" type="xstring" value="counti"/>
            <entry key="284" type="xstring" value="popul"/>
            <entry key="285" type="xstring" value="recal"/>
            <entry key="286" type="xstring" value="oppon"/>
            <entry key="287" type="xstring" value="tom"/>
            <entry key="288" type="xstring" value="barrett"/>
            <entry key="289" type="xstring" value="campaign"/>
            <entry key="290" type="xstring" value="lift"/>
            <entry key="291" type="xstring" value="limit"/>
            <entry key="292" type="xstring" value="discount"/>
            <entry key="293" type="xstring" value="cent"/>
            <entry key="294" type="xstring" value="hard"/>
            <entry key="295" type="xstring" value="unsubsidis"/>
            <entry key="296" type="xstring" value="fuel"/>
            <entry key="297" type="xstring" value="retail"/>
            <entry key="298" type="xstring" value="compet"/>
            <entry key="299" type="xstring" value="sustain"/>
            <entry key="300" type="xstring" value="basi"/>
            <entry key="301" type="xstring" value="dollar"/>
            <entry key="302" type="xstring" value="stamp"/>
            <entry key="303" type="xstring" value="needi"/>
            <entry key="304" type="xstring" value="salari"/>
            <entry key="305" type="xstring" value="pension"/>
            <entry key="306" type="xstring" value="bureaucrat"/>
            <entry key="307" type="xstring" value="suppos"/>
            <entry key="308" type="xstring" value="poor"/>
            <entry key="309" type="xstring" value="economi"/>
            <entry key="310" type="xstring" value="short"/>
            <entry key="311" type="xstring" value="capac"/>
            <entry key="312" type="xstring" value="translat"/>
            <entry key="313" type="xstring" value="lost"/>
            <entry key="314" type="xstring" value="incom"/>
            <entry key="315" type="xstring" value="famili"/>
            <entry key="316" type="xstring" value="inherit"/>
            <entry key="317" type="xstring" value="er"/>
            <entry key="318" type="xstring" value="contest"/>
            <entry key="319" type="xstring" value="label"/>
            <entry key="320" type="xstring" value="fixedpric"/>
            <entry key="321" type="xstring" value="emiss"/>
            <entry key="322" type="xstring" value="introduc"/>
            <entry key="323" type="xstring" value="expir"/>
            <entry key="324" type="xstring" value="bushera"/>
            <entry key="325" type="xstring" value="cutswould"/>
            <entry key="326" type="xstring" value="biggest"/>
            <entry key="327" type="xstring" value="texa"/>
            <entry key="328" type="xstring" value="graduat"/>
            <entry key="329" type="xstring" value="enrol"/>
            <entry key="330" type="xstring" value="univers"/>
            <entry key="331" type="xstring" value="financ"/>
            <entry key="332" type="xstring" value="mathia"/>
            <entry key="333" type="xstring" value="cormann"/>
            <entry key="334" type="xstring" value="privatis"/>
            <entry key="335" type="xstring" value="medibank"/>
            <entry key="336" type="xstring" value="wont"/>
            <entry key="337" type="xstring" value="premium"/>
            <entry key="338" type="xstring" value="florida"/>
            <entry key="339" type="xstring" value="free"/>
            <entry key="340" type="xstring" value="prekindergarten"/>
            <entry key="341" type="xstring" value="formula"/>
            <entry key="342" type="xstring" value="pilot"/>
            <entry key="343" type="xstring" value="footbal"/>
            <entry key="344" type="xstring" value="player"/>
            <entry key="345" type="xstring" value="home"/>
            <entry key="346" type="xstring" value="connect"/>
            <entry key="347" type="xstring" value="matter"/>
            <entry key="348" type="xstring" value="live"/>
            <entry key="349" type="xstring" value="suburb"/>
            <entry key="350" type="xstring" value="farm"/>
            <entry key="351" type="xstring" value="network"/>
            <entry key="352" type="xstring" value="reli"/>
            <entry key="353" type="xstring" value="centuri"/>
            <entry key="354" type="xstring" value="copper"/>
            <entry key="355" type="xstring" value="technolog"/>
            <entry key="356" type="xstring" value="watch"/>
            <entry key="357" type="xstring" value="video"/>
            <entry key="358" type="xstring" value="thousand"/>
            <entry key="359" type="xstring" value="georg"/>
            <entry key="360" type="xstring" value="brandi"/>
            <entry key="361" type="xstring" value="act"/>
            <entry key="362" type="xstring" value="effect"/>
            <entry key="363" type="xstring" value="marriag"/>
            <entry key="364" type="xstring" value="constitut"/>
            <entry key="365" type="xstring" value="valid"/>
            <entry key="366" type="xstring" value="determin"/>
            <entry key="367" type="xstring" value="court"/>
            <entry key="368" type="xstring" value="gop"/>
            <entry key="369" type="xstring" value="hous"/>
            <entry key="370" type="xstring" value="bob"/>
            <entry key="371" type="xstring" value="mcdonnel"/>
            <entry key="372" type="xstring" value="southsid"/>
            <entry key="373" type="xstring" value="southwest"/>
            <entry key="374" type="xstring" value="virginia"/>
            <entry key="375" type="xstring" value="gdp"/>
            <entry key="376" type="xstring" value="ratio"/>
            <entry key="377" type="xstring" value="averag"/>
            <entry key="378" type="xstring" value="governor"/>
            <entry key="379" type="xstring" value="america"/>
            <entry key="380" type="xstring" value="endors"/>
            <entry key="381" type="xstring" value="mitt"/>
            <entry key="382" type="xstring" value="romney"/>
            <entry key="383" type="xstring" value="greg"/>
            <entry key="384" type="xstring" value="defend"/>
            <entry key="385" type="xstring" value="fight"/>
            <entry key="386" type="xstring" value="hundr"/>
            <entry key="387" type="xstring" value="district"/>
            <entry key="388" type="xstring" value="hunt"/>
            <entry key="389" type="xstring" value="carbon"/>
            <entry key="390" type="xstring" value="price"/>
            <entry key="391" type="xstring" value="tonn"/>
            <entry key="392" type="xstring" value="here"/>
            <entry key="393" type="xstring" value="brag"/>
            <entry key="394" type="xstring" value="safe"/>
            <entry key="395" type="xstring" value="biden"/>
            <entry key="396" type="xstring" value="hes"/>
            <entry key="397" type="xstring" value="propos"/>
            <entry key="398" type="xstring" value="employ"/>
            <entry key="399" type="xstring" value="contribut"/>
            <entry key="400" type="xstring" value="retir"/>
            <entry key="401" type="xstring" value="system"/>
            <entry key="402" type="xstring" value="hitler"/>
            <entry key="403" type="xstring" value="abolish"/>
            <entry key="404" type="xstring" value="union"/>
            <entry key="405" type="xstring" value="wisconsin"/>
            <entry key="406" type="xstring" value="speaker"/>
            <entry key="407" type="xstring" value="dean"/>
            <entry key="408" type="xstring" value="cannon"/>
            <entry key="409" type="xstring" value="freshmen"/>
            <entry key="410" type="xstring" value="lawmak"/>
            <entry key="411" type="xstring" value="account"/>
            <entry key="412" type="xstring" value="onethird"/>
            <entry key="413" type="xstring" value="120member"/>
            <entry key="414" type="xstring" value="twothird"/>
            <entry key="415" type="xstring" value="chamber"/>
            <entry key="416" type="xstring" value="experi"/>
            <entry key="417" type="xstring" value="huckabe"/>
            <entry key="418" type="xstring" value="grant"/>
            <entry key="419" type="xstring" value="pardon"/>
            <entry key="420" type="xstring" value="clemenc"/>
            <entry key="421" type="xstring" value="previous"/>
            <entry key="422" type="xstring" value="ilana"/>
            <entry key="423" type="xstring" value="shafran"/>
            <entry key="424" type="xstring" value="mandel"/>
            <entry key="425" type="xstring" value="stake"/>
            <entry key="426" type="xstring" value="forest"/>
            <entry key="427" type="xstring" value="enterpris"/>
            <entry key="428" type="xstring" value="compani"/>
            <entry key="429" type="xstring" value="share"/>
            <entry key="430" type="xstring" value="implic"/>
            <entry key="431" type="xstring" value="conflict"/>
            <entry key="432" type="xstring" value="incorrect"/>
            <entry key="433" type="xstring" value="incent"/>
            <entry key="434" type="xstring" value="deal"/>
            <entry key="435" type="xstring" value="approv"/>
            <entry key="436" type="xstring" value="laboratori"/>
            <entry key="437" type="xstring" value="contain"/>
            <entry key="438" type="xstring" value="strong"/>
            <entry key="439" type="xstring" value="protect"/>
            <entry key="440" type="xstring" value="taxpay"/>
            <entry key="441" type="xstring" value="creation"/>
            <entry key="442" type="xstring" value="goal"/>
            <entry key="443" type="xstring" value="met"/>
            <entry key="444" type="xstring" value="ian"/>
            <entry key="445" type="xstring" value="macfarlan"/>
            <entry key="446" type="xstring" value="set"/>
            <entry key="447" type="xstring" value="export"/>
            <entry key="448" type="xstring" value="lng"/>
            <entry key="449" type="xstring" value="inflammatori"/>
            <entry key="450" type="xstring" value="sentenc"/>
            <entry key="451" type="xstring" value="newslett"/>
            <entry key="452" type="xstring" value="invest"/>
            <entry key="453" type="xstring" value="record"/>
            <entry key="454" type="xstring" value="environ"/>
            <entry key="455" type="xstring" value="ive"/>
            <entry key="456" type="xstring" value="releas"/>
            <entry key="457" type="xstring" value="minut"/>
            <entry key="458" type="xstring" value="depart"/>
            <entry key="459" type="xstring" value="polici"/>
            <entry key="460" type="xstring" value="australian"/>
            <entry key="461" type="xstring" value="servic"/>
            <entry key="462" type="xstring" value="natur"/>
            <entry key="463" type="xstring" value="attrit"/>
            <entry key="464" type="xstring" value="senat"/>
            <entry key="465" type="xstring" value="wong"/>
            <entry key="466" type="xstring" value="press"/>
            <entry key="467" type="xstring" value="confer"/>
            <entry key="468" type="xstring" value="august"/>
            <entry key="469" type="xstring" value="save"/>
            <entry key="470" type="xstring" value="coalit"/>
            <entry key="471" type="xstring" value="there"/>
            <entry key="472" type="xstring" value="shortfal"/>
            <entry key="473" type="xstring" value="januari"/>
            <entry key="474" type="xstring" value="bush"/>
            <entry key="475" type="xstring" value="gulf"/>
            <entry key="476" type="xstring" value="war"/>
            <entry key="477" type="xstring" value="jersey"/>
            <entry key="478" type="xstring" value="tenandahalf"/>
            <entry key="479" type="xstring" value="fiscal"/>
            <entry key="480" type="xstring" value="local"/>
            <entry key="481" type="xstring" value="kid"/>
            <entry key="482" type="xstring" value="hurt"/>
            <entry key="483" type="xstring" value="doyl"/>
            <entry key="484" type="xstring" value="sit"/>
            <entry key="485" type="xstring" value="vacant"/>
            <entry key="486" type="xstring" value="arent"/>
            <entry key="487" type="xstring" value="qualifi"/>
            <entry key="488" type="xstring" value="applic"/>
            <entry key="489" type="xstring" value="fill"/>
            <entry key="490" type="xstring" value="fastest"/>
            <entry key="491" type="xstring" value="growth"/>
            <entry key="492" type="xstring" value="survey"/>
            <entry key="493" type="xstring" value="internat"/>
            <entry key="494" type="xstring" value="monetari"/>
            <entry key="495" type="xstring" value="ceil"/>
            <entry key="496" type="xstring" value="prevent"/>
            <entry key="497" type="xstring" value="crisi"/>
            <entry key="498" type="xstring" value="john"/>
            <entry key="499" type="xstring" value="mccain"/>
            <entry key="500" type="xstring" value="stood"/>
            <entry key="501" type="xstring" value="sound"/>
            <entry key="502" type="xstring" value="alarm"/>
            <entry key="503" type="xstring" value="global"/>
            <entry key="504" type="xstring" value="worri"/>
            <entry key="505" type="xstring" value="nuclear"/>
            <entry key="506" type="xstring" value="wast"/>
            <entry key="507" type="xstring" value="arizona"/>
            <entry key="508" type="xstring" value="nevada"/>
            <entry key="509" type="xstring" value="josh"/>
            <entry key="510" type="xstring" value="accept"/>
            <entry key="511" type="xstring" value="sen"/>
            <entry key="512" type="xstring" value="sherrod"/>
            <entry key="513" type="xstring" value="brown"/>
            <entry key="514" type="xstring" value="lie"/>
            <entry key="515" type="xstring" value="zero"/>
            <entry key="516" type="xstring" value="kati"/>
            <entry key="517" type="xstring" value="gallagh"/>
            <entry key="518" type="xstring" value="acts"/>
            <entry key="519" type="xstring" value="equal"/>
            <entry key="520" type="xstring" value="oper"/>
            <entry key="521" type="xstring" value="concurr"/>
            <entry key="522" type="xstring" value="kelli"/>
            <entry key="523" type="xstring" value="odwyer"/>
            <entry key="524" type="xstring" value="refuge"/>
            <entry key="525" type="xstring" value="intak"/>
            <entry key="526" type="xstring" value="kim"/>
            <entry key="527" type="xstring" value="carr"/>
            <entry key="528" type="xstring" value="econom"/>
            <entry key="529" type="xstring" value="model"/>
            <entry key="530" type="xstring" value="lose"/>
            <entry key="531" type="xstring" value="subsidis"/>
            <entry key="532" type="xstring" value="vital"/>
            <entry key="533" type="xstring" value="balanc"/>
            <entry key="534" type="xstring" value="lake"/>
            <entry key="535" type="xstring" value="erie"/>
            <entry key="536" type="xstring" value="nativ"/>
            <entry key="537" type="xstring" value="left"/>
            <entry key="538" type="xstring" value="asset"/>
            <entry key="539" type="xstring" value="7th"/>
            <entry key="540" type="xstring" value="septemb"/>
            <entry key="541" type="xstring" value="malcolm"/>
            <entry key="542" type="xstring" value="turnbul"/>
            <entry key="543" type="xstring" value="farmer"/>
            <entry key="544" type="xstring" value="provid"/>
            <entry key="545" type="xstring" value="respons"/>
            <entry key="546" type="xstring" value="commonwealth"/>
            <entry key="547" type="xstring" value="parliament"/>
            <entry key="548" type="xstring" value="subject"/>
            <entry key="549" type="xstring" value="margin"/>
            <entry key="550" type="xstring" value="decid"/>
            <entry key="551" type="xstring" value="stick"/>
            <entry key="552" type="xstring" value="exist"/>
            <entry key="553" type="xstring" value="million"/>
            <entry key="554" type="xstring" value="ad"/>
            <entry key="555" type="xstring" value="milliondollar"/>
            <entry key="556" type="xstring" value="male"/>
            <entry key="557" type="xstring" value="pick"/>
            <entry key="558" type="xstring" value="worth"/>
            <entry key="559" type="xstring" value="cash"/>
            <entry key="560" type="xstring" value="put"/>
            <entry key="561" type="xstring" value="that"/>
            <entry key="562" type="xstring" value="fair"/>
            <entry key="563" type="xstring" value="minimum"/>
            <entry key="564" type="xstring" value="wage"/>
            <entry key="565" type="xstring" value="harri"/>
            <entry key="566" type="xstring" value="truman"/>
            <entry key="567" type="xstring" value="mitch"/>
            <entry key="568" type="xstring" value="mcconnel"/>
            <entry key="569" type="xstring" value="recent"/>
            <entry key="570" type="xstring" value="outlaw"/>
            <entry key="571" type="xstring" value="abort"/>
            <entry key="572" type="xstring" value="rape"/>
            <entry key="573" type="xstring" value="incest"/>
            <entry key="574" type="xstring" value="deni"/>
            <entry key="575" type="xstring" value="gay"/>
            <entry key="576" type="xstring" value="adopt"/>
            <entry key="577" type="xstring" value="children"/>
            <entry key="578" type="xstring" value="tarp"/>
            <entry key="579" type="xstring" value="manner"/>
            <entry key="580" type="xstring" value="discuss"/>
            <entry key="581" type="xstring" value="white"/>
            <entry key="582" type="xstring" value="violat"/>
            <entry key="583" type="xstring" value="month"/>
            <entry key="584" type="xstring" value="special"/>
            <entry key="585" type="xstring" value="session"/>
            <entry key="586" type="xstring" value="legisl"/>
            <entry key="587" type="xstring" value="daili"/>
            <entry key="588" type="xstring" value="scienc"/>
            <entry key="589" type="xstring" value="foundat"/>
            <entry key="590" type="xstring" value="spent"/>
            <entry key="591" type="xstring" value="senior"/>
            <entry key="592" type="xstring" value="play"/>
            <entry key="593" type="xstring" value="warcraft"/>
            <entry key="594" type="xstring" value="studi"/>
            <entry key="595" type="xstring" value="impact"/>
            <entry key="596" type="xstring" value="brain"/>
            <entry key="597" type="xstring" value="premier"/>
            <entry key="598" type="xstring" value="hazard"/>
            <entry key="599" type="xstring" value="administr"/>
            <entry key="600" type="xstring" value="clunker"/>
            <entry key="601" type="xstring" value="space"/>
            <entry key="602" type="xstring" value="iran"/>
            <entry key="603" type="xstring" value="tini"/>
            <entry key="604" type="xstring" value="doesnt"/>
            <entry key="605" type="xstring" value="pose"/>
            <entry key="606" type="xstring" value="serious"/>
            <entry key="607" type="xstring" value="threat"/>
            <entry key="608" type="xstring" value="obamacar"/>
            <entry key="609" type="xstring" value="forc"/>
            <entry key="610" type="xstring" value="middleclass"/>
            <entry key="611" type="xstring" value="recov"/>
            <entry key="612" type="xstring" value="wall"/>
            <entry key="613" type="xstring" value="street"/>
            <entry key="614" type="xstring" value="worker"/>
            <entry key="615" type="xstring" value="harm"/>
            <entry key="616" type="xstring" value="ohio"/>
            <entry key="617" type="xstring" value="ohioanslost"/>
            <entry key="618" type="xstring" value="manufactur"/>
            <entry key="619" type="xstring" value="tuition"/>
            <entry key="620" type="xstring" value="opposit"/>
            <entry key="621" type="xstring" value="leader"/>
            <entry key="622" type="xstring" value="broken"/>
            <entry key="623" type="xstring" value="promis"/>
            <entry key="624" type="xstring" value="wors"/>
            <entry key="625" type="xstring" value="gonski"/>
            <entry key="626" type="xstring" value="workplac"/>
            <entry key="627" type="xstring" value="spokesman"/>
            <entry key="628" type="xstring" value="brendan"/>
            <entry key="629" type="xstring" value="oconnor"/>
            <entry key="630" type="xstring" value="construct"/>
            <entry key="631" type="xstring" value="royal"/>
            <entry key="632" type="xstring" value="commiss"/>
            <entry key="633" type="xstring" value="equat"/>
            <entry key="634" type="xstring" value="today"/>
            <entry key="635" type="xstring" value="past"/>
            <entry key="636" type="xstring" value="reduc"/>
            <entry key="637" type="xstring" value="total"/>
            <entry key="638" type="xstring" value="pollut"/>
            <entry key="639" type="xstring" value="earth"/>
            <entry key="640" type="xstring" value="enter"/>
            <entry key="641" type="xstring" value="visa"/>
            <entry key="642" type="xstring" value="kill"/>
            <entry key="643" type="xstring" value="usmexico"/>
            <entry key="644" type="xstring" value="border"/>
            <entry key="645" type="xstring" value="portland"/>
            <entry key="646" type="xstring" value="levi"/>
            <entry key="647" type="xstring" value="hold"/>
            <entry key="648" type="xstring" value="prepar"/>
            <entry key="649" type="xstring" value="statement"/>
            <entry key="650" type="xstring" value="updat"/>
            <entry key="651" type="xstring" value="process"/>
            <entry key="652" type="xstring" value="hasnt"/>
            <entry key="653" type="xstring" value="submit"/>
            <entry key="654" type="xstring" value="parliamentari"/>
            <entry key="655" type="xstring" value="office"/>
            <entry key="656" type="xstring" value="mexico"/>
            <entry key="657" type="xstring" value="felip"/>
            <entry key="658" type="xstring" value="calderon"/>
            <entry key="659" type="xstring" value="what"/>
            <entry key="660" type="xstring" value="happen"/>
            <entry key="661" type="xstring" value="citizen"/>
            <entry key="662" type="xstring" value="issu"/>
            <entry key="663" type="xstring" value="page"/>
            <entry key="664" type="xstring" value="regul"/>
            <entry key="665" type="xstring" value="call"/>
            <entry key="666" type="xstring" value="mormon"/>
            <entry key="667" type="xstring" value="church"/>
            <entry key="668" type="xstring" value="choic"/>
            <entry key="669" type="xstring" value="obey"/>
            <entry key="670" type="xstring" value="obedi"/>
            <entry key="671" type="xstring" value="profession"/>
            <entry key="672" type="xstring" value="basebal"/>
            <entry key="673" type="xstring" value="team"/>
            <entry key="674" type="xstring" value="queensland"/>
            <entry key="675" type="xstring" value="annastacia"/>
            <entry key="676" type="xstring" value="palaszczuk"/>
            <entry key="677" type="xstring" value="jobless"/>
            <entry key="678" type="xstring" value="march"/>
            <entry key="679" type="xstring" value="lnp"/>
            <entry key="680" type="xstring" value="uptick"/>
            <entry key="681" type="xstring" value="appear"/>
            <entry key="682" type="xstring" value="coincid"/>
            <entry key="683" type="xstring" value="expect"/>
            <entry key="684" type="xstring" value="congress"/>
            <entry key="685" type="xstring" value="rep"/>
            <entry key="686" type="xstring" value="jim"/>
            <entry key="687" type="xstring" value="weidner"/>
            <entry key="688" type="xstring" value="oregon"/>
            <entry key="689" type="xstring" value="repeal"/>
            <entry key="690" type="xstring" value="sale"/>
            <entry key="691" type="xstring" value="boat"/>
            <entry key="692" type="xstring" value="rhode"/>
            <entry key="693" type="xstring" value="island"/>
            <entry key="694" type="xstring" value="spawn"/>
            <entry key="695" type="xstring" value="close"/>
            <entry key="696" type="xstring" value="repres"/>
            <entry key="697" type="xstring" value="fourthpoorest"/>
            <entry key="698" type="xstring" value="googl"/>
            <entry key="699" type="xstring" value="search"/>
            <entry key="700" type="xstring" value="percentag"/>
            <entry key="701" type="xstring" value="voteand"/>
            <entry key="702" type="xstring" value="carri"/>
            <entry key="703" type="xstring" value="research"/>
            <entry key="704" type="xstring" value="csiro"/>
            <entry key="705" type="xstring" value="use"/>
            <entry key="706" type="xstring" value="soil"/>
            <entry key="707" type="xstring" value="tree"/>
            <entry key="708" type="xstring" value="residenti"/>
            <entry key="709" type="xstring" value="tavera"/>
            <entry key="710" type="xstring" value="revenu"/>
            <entry key="711" type="xstring" value="miss"/>
            <entry key="712" type="xstring" value="mark"/>
            <entry key="713" type="xstring" value="abcs"/>
            <entry key="714" type="xstring" value="qa"/>
            <entry key="715" type="xstring" value="childcar"/>
            <entry key="716" type="xstring" value="scientist"/>
            <entry key="717" type="xstring" value="shown"/>
            <entry key="718" type="xstring" value="possibl"/>
            <entry key="719" type="xstring" value="movement"/>
            <entry key="720" type="xstring" value="stem"/>
            <entry key="721" type="xstring" value="cell"/>
            <entry key="722" type="xstring" value="embryon"/>
            <entry key="723" type="xstring" value="hike"/>
            <entry key="724" type="xstring" value="household"/>
            <entry key="725" type="xstring" value="commun"/>
            <entry key="726" type="xstring" value="proven"/>
            <entry key="727" type="xstring" value="track"/>
            <entry key="728" type="xstring" value="enhanc"/>
            <entry key="729" type="xstring" value="safeti"/>
            <entry key="730" type="xstring" value="focus"/>
            <entry key="731" type="xstring" value="violent"/>
            <entry key="732" type="xstring" value="offend"/>
            <entry key="733" type="xstring" value="communiti"/>
            <entry key="734" type="xstring" value="seek"/>
            <entry key="735" type="xstring" value="impeach"/>
            <entry key="736" type="xstring" value="seen"/>
            <entry key="737" type="xstring" value="tremend"/>
            <entry key="738" type="xstring" value="unemploy"/>
            <entry key="739" type="xstring" value="jack"/>
            <entry key="740" type="xstring" value="kingston"/>
            <entry key="741" type="xstring" value="request"/>
            <entry key="742" type="xstring" value="earmark"/>
            <entry key="743" type="xstring" value="ga"/>
            <entry key="744" type="xstring" value="congressman"/>
            <entry key="745" type="xstring" value="medicar"/>
            <entry key="746" type="xstring" value="resolut"/>
            <entry key="747" type="xstring" value="restor"/>
            <entry key="748" type="xstring" value="assist"/>
            <entry key="749" type="xstring" value="payment"/>
            <entry key="750" type="xstring" value="commit"/>
            <entry key="751" type="xstring" value="shadow"/>
            <entry key="752" type="xstring" value="treasur"/>
            <entry key="753" type="xstring" value="earner"/>
            <entry key="754" type="xstring" value="concess"/>
            <entry key="755" type="xstring" value="superannu"/>
            <entry key="756" type="xstring" value="shut"/>
            <entry key="757" type="xstring" value="amtrak"/>
            <entry key="758" type="xstring" value="northeast"/>
            <entry key="759" type="xstring" value="corridor"/>
            <entry key="760" type="xstring" value="estim"/>
            <entry key="761" type="xstring" value="add"/>
            <entry key="762" type="xstring" value="lane"/>
            <entry key="763" type="xstring" value="i95"/>
            <entry key="764" type="xstring" value="accommod"/>
            <entry key="765" type="xstring" value="traffic"/>
            <entry key="766" type="xstring" value="social"/>
            <entry key="767" type="xstring" value="addit"/>
            <entry key="768" type="xstring" value="bureaucraci"/>
            <entry key="769" type="xstring" value="patient"/>
            <entry key="770" type="xstring" value="realiti"/>
            <entry key="771" type="xstring" value="theyr"/>
            <entry key="772" type="xstring" value="wait"/>
            <entry key="773" type="xstring" value="surgeri"/>
            <entry key="774" type="xstring" value="medicaid"/>
            <entry key="775" type="xstring" value="st"/>
            <entry key="776" type="xstring" value="paul"/>
            <entry key="777" type="xstring" value="testament"/>
            <entry key="778" type="xstring" value="slave"/>
            <entry key="779" type="xstring" value="master"/>
            <entry key="780" type="xstring" value="fought"/>
            <entry key="781" type="xstring" value="confederaci"/>
            <entry key="782" type="xstring" value="good"/>
            <entry key="783" type="xstring" value="human"/>
            <entry key="784" type="xstring" value="condit"/>
            <entry key="785" type="xstring" value="stimulus"/>
            <entry key="786" type="xstring" value="coinvest"/>
            <entry key="787" type="xstring" value="equival"/>
            <entry key="788" type="xstring" value="head"/>
            <entry key="789" type="xstring" value="germani"/>
            <entry key="790" type="xstring" value="sign"/>
            <entry key="791" type="xstring" value="domest"/>
            <entry key="792" type="xstring" value="fail"/>
            <entry key="793" type="xstring" value="tanya"/>
            <entry key="794" type="xstring" value="plibersek"/>
            <entry key="795" type="xstring" value="woman"/>
            <entry key="796" type="xstring" value="cabinet"/>
            <entry key="797" type="xstring" value="run"/>
            <entry key="798" type="xstring" value="impos"/>
            <entry key="799" type="xstring" value="buy"/>
            <entry key="800" type="xstring" value="lower"/>
            <entry key="801" type="xstring" value="tenur"/>
            <entry key="802" type="xstring" value="dismiss"/>
            <entry key="803" type="xstring" value="incompet"/>
            <entry key="804" type="xstring" value="land"/>
            <entry key="805" type="xstring" value="park"/>
            <entry key="806" type="xstring" value="permiss"/>
            <entry key="807" type="xstring" value="thirti"/>
            <entry key="808" type="xstring" value="prime"/>
            <entry key="809" type="xstring" value="owe"/>
            <entry key="810" type="xstring" value="author"/>
            <entry key="811" type="xstring" value="implement"/>
            <entry key="812" type="xstring" value="type"/>
            <entry key="813" type="xstring" value="measur"/>
            <entry key="814" type="xstring" value="quot"/>
            <entry key="815" type="xstring" value="civil"/>
            <entry key="816" type="xstring" value="distinct"/>
            <entry key="817" type="xstring" value="avail"/>
            <entry key="818" type="xstring" value="abil"/>
            <entry key="819" type="xstring" value="militari"/>
            <entry key="820" type="xstring" value="rest"/>
            <entry key="821" type="xstring" value="hugh"/>
            <entry key="822" type="xstring" value="pave"/>
            <entry key="823" type="xstring" value="acr"/>
            <entry key="824" type="xstring" value="overdevelop"/>
            <entry key="825" type="xstring" value="sprawl"/>
            <entry key="826" type="xstring" value="leppert"/>
            <entry key="827" type="xstring" value="pledg"/>
            <entry key="828" type="xstring" value="dalla"/>
            <entry key="829" type="xstring" value="sanctuari"/>
            <entry key="830" type="xstring" value="illeg"/>
            <entry key="831" type="xstring" value="immigr"/>
            <entry key="832" type="xstring" value="closur"/>
            <entry key="833" type="xstring" value="alcoa"/>
            <entry key="834" type="xstring" value="henri"/>
            <entry key="835" type="xstring" value="aluminium"/>
            <entry key="836" type="xstring" value="smelter"/>
            <entry key="837" type="xstring" value="electr"/>
            <entry key="838" type="xstring" value="marriagelik"/>
            <entry key="839" type="xstring" value="relationship"/>
            <entry key="840" type="xstring" value="experienc"/>
            <entry key="841" type="xstring" value="onceinaquartercenturi"/>
            <entry key="842" type="xstring" value="onceinacenturi"/>
            <entry key="843" type="xstring" value="drought"/>
            <entry key="844" type="xstring" value="reintroduct"/>
            <entry key="845" type="xstring" value="excis"/>
            <entry key="846" type="xstring" value="index"/>
            <entry key="847" type="xstring" value="week"/>
            <entry key="848" type="xstring" value="seeker"/>
            <entry key="849" type="xstring" value="attempt"/>
            <entry key="850" type="xstring" value="break"/>
            <entry key="851" type="xstring" value="differ"/>
            <entry key="852" type="xstring" value="water"/>
            <entry key="853" type="xstring" value="navi"/>
            <entry key="854" type="xstring" value="indonesia"/>
            <entry key="855" type="xstring" value="unaccompani"/>
            <entry key="856" type="xstring" value="am"/>
            <entry key="857" type="xstring" value="legal"/>
            <entry key="858" type="xstring" value="guardian"/>
            <entry key="859" type="xstring" value="situat"/>
            <entry key="860" type="xstring" value="substitut"/>
            <entry key="861" type="xstring" value="level"/>
            <entry key="862" type="xstring" value="age"/>
            <entry key="863" type="xstring" value="cant"/>
            <entry key="864" type="xstring" value="eas"/>
            <entry key="865" type="xstring" value="transit"/>
            <entry key="866" type="xstring" value="civilian"/>
            <entry key="867" type="xstring" value="life"/>
            <entry key="868" type="xstring" value="paper"/>
            <entry key="869" type="xstring" value="rigel"/>
            <entry key="870" type="xstring" value="fals"/>
            <entry key="871" type="xstring" value="afghanistan"/>
            <entry key="872" type="xstring" value="endur"/>
            <entry key="873" type="xstring" value="wash"/>
            <entry key="874" type="xstring" value="hand"/>
            <entry key="875" type="xstring" value="cover"/>
            <entry key="876" type="xstring" value="mouth"/>
            <entry key="877" type="xstring" value="cough"/>
            <entry key="878" type="xstring" value="make"/>
            <entry key="879" type="xstring" value="huge"/>
            <entry key="880" type="xstring" value="transmiss"/>
            <entry key="881" type="xstring" value="flu"/>
            <entry key="882" type="xstring" value="wic"/>
            <entry key="883" type="xstring" value="serv"/>
            <entry key="884" type="xstring" value="person"/>
            <entry key="885" type="xstring" value="resid"/>
            <entry key="886" type="xstring" value="insecur"/>
            <entry key="887" type="xstring" value="depend"/>
            <entry key="888" type="xstring" value="meet"/>
            <entry key="889" type="xstring" value="doubledigit"/>
            <entry key="890" type="xstring" value="midwest"/>
            <entry key="891" type="xstring" value="happi"/>
            <entry key="892" type="xstring" value="ladi"/>
            <entry key="893" type="xstring" value="abl"/>
            <entry key="894" type="xstring" value="wish"/>
            <entry key="895" type="xstring" value="hadnt"/>
            <entry key="896" type="xstring" value="vaccin"/>
            <entry key="897" type="xstring" value="worst"/>
            <entry key="898" type="xstring" value="recess"/>
            <entry key="899" type="xstring" value="knowncorpor"/>
            <entry key="900" type="xstring" value="profit"/>
            <entry key="901" type="xstring" value="your"/>
            <entry key="902" type="xstring" value="forstat"/>
            <entry key="903" type="xstring" value="dian"/>
            <entry key="904" type="xstring" value="allen"/>
        </config>
    </config>
</config>
